video_path,session_id,subject
"/run/user/1000/gvfs/smb-share:server=192.168.1.155,share=vmimdata/Aicatsan Backup March2023/Y/PSAM/20230420-01B/Tobii Recording/rendered.mp4",32,sub79
"/run/user/1000/gvfs/smb-share:server=192.168.1.155,share=vmimdata/Aicatsan Backup March2023/Y/PSAM/20230420-02A/Tobii Recording/rendered.mp4",33,sub80
"/run/user/1000/gvfs/smb-share:server=192.168.1.155,share=vmimdata/Aicatsan Backup March2023/Y/PSAM/20230420-02B/Tobii Recording/rendered.mp4",34,sub80
"/run/user/1000/gvfs/smb-share:server=192.168.1.155,share=vmimdata/Aicatsan Backup March2023/Y/PSAM/20230504-01A/Tobii Recording/rendered.mp4",36,sub82
"/run/user/1000/gvfs/smb-share:server=192.168.1.155,share=vmimdata/Aicatsan Backup March2023/Y/PSAM/20230504-01B/Tobii Recording/rendered.mp4",35,sub81
"/run/user/1000/gvfs/smb-share:server=192.168.1.155,share=vmimdata/Aicatsan Backup March2023/Y/PSAM/20230412-01B/Tobii Recording/rendered.mp4",28,sub77
"/run/user/1000/gvfs/smb-share:server=192.168.1.155,share=vmimdata/Aicatsan Backup March2023/Y/PSAM/20230412-02A/Tobii Recording/rendered.mp4",29,sub78
"/run/user/1000/gvfs/smb-share:server=192.168.1.155,share=vmimdata/Aicatsan Backup March2023/Y/PSAM/20230412-02B/Tobii Recording/rendered.mp4",30,sub78
"/run/user/1000/gvfs/smb-share:server=192.168.1.155,share=vmimdata/Aicatsan Backup March2023/Y/PSAM/20230712-02B/Tobii Recording/rendered.mp4",53,sub90
"/run/user/1000/gvfs/smb-share:server=192.168.1.155,share=vmimdata/Aicatsan Backup March2023/Y/PSAM/20230712-02A/Tobii Recording/rendered.mp4",52,sub90
"/run/user/1000/gvfs/smb-share:server=192.168.1.155,share=vmimdata/Aicatsan Backup March2023/Y/PSAM/20230726-01A/Tobii Recording/rendered.mp4",54,sub91
"/run/user/1000/gvfs/smb-share:server=192.168.1.155,share=vmimdata/Aicatsan Backup March2023/Y/PSAM/20230726-01B/Tobii Recording/rendered.mp4",55,sub91
"/run/user/1000/gvfs/smb-share:server=192.168.1.155,share=vmimdata/Aicatsan Backup March2023/Y/PSAM/20230726-02A/Tobii Recording/rendered.mp4",56,sub92
"/run/user/1000/gvfs/smb-share:server=192.168.1.155,share=vmimdata/Aicatsan Backup March2023/Y/PSAM/20230504-02A/Tobii Recording/rendered.mp4",36,sub82
"/run/user/1000/gvfs/smb-share:server=192.168.1.155,share=vmimdata/Aicatsan Backup March2023/Y/PSAM/20230504-02B/Tobii Recording/rendered.mp4",37,sub82
"/run/user/1000/gvfs/smb-share:server=192.168.1.155,share=vmimdata/Aicatsan Backup March2023/Y/PSAM/20230518-01A/Tobii Recording/rendered.mp4",38,sub83
"/run/user/1000/gvfs/smb-share:server=192.168.1.155,share=vmimdata/Aicatsan Backup March2023/Y/PSAM/20230518-01B/Tobii Recording/rendered.mp4",39,sub83
"/run/user/1000/gvfs/smb-share:server=192.168.1.155,share=vmimdata/Aicatsan Backup March2023/Y/PSAM/20230518-02A/Tobii Recording/rendered.mp4",40,sub84
"/run/user/1000/gvfs/smb-share:server=192.168.1.155,share=vmimdata/Aicatsan Backup March2023/Y/PSAM/20230518-02B/Tobii Recording/rendered2.mp4",41,sub84
"/run/user/1000/gvfs/smb-share:server=192.168.1.155,share=vmimdata/Aicatsan Backup March2023/Y/PSAM/20230613-01A/Tobii Recording/rendered.mp4",42,sub85
"/run/user/1000/gvfs/smb-share:server=192.168.1.155,share=vmimdata/Aicatsan Backup March2023/Y/PSAM/20230613-01B/Tobii Recording/rendered.mp4",43,sub85
"/run/user/1000/gvfs/smb-share:server=192.168.1.155,share=vmimdata/Aicatsan Backup March2023/Y/PSAM/20230613-02B/Tobii Recording/rendered.mp4",45,sub86
"/run/user/1000/gvfs/smb-share:server=192.168.1.155,share=vmimdata/Aicatsan Backup March2023/Y/PSAM/20230613-02A/Tobii Recording/rendered.mp4",44,sub86
"/run/user/1000/gvfs/smb-share:server=192.168.1.155,share=vmimdata/Aicatsan Backup March2023/Y/PSAM/20230623-01A/Tobii Recording/rendered.mp4",46,sub87
"/run/user/1000/gvfs/smb-share:server=192.168.1.155,share=vmimdata/Aicatsan Backup March2023/Y/PSAM/20230623-01B/Tobii Recording/rendered.mp4",47,sub87
"/run/user/1000/gvfs/smb-share:server=192.168.1.155,share=vmimdata/Aicatsan Backup March2023/Y/PSAM/20230623-02A/Tobii Recording/rendered.mp4",48,sub88
"/run/user/1000/gvfs/smb-share:server=192.168.1.155,share=vmimdata/Aicatsan Backup March2023/Y/PSAM/20230623-02B/Tobii Recording/rendered.mp4",49,sub88
"/run/user/1000/gvfs/smb-share:server=192.168.1.155,share=vmimdata/Aicatsan Backup March2023/Y/PSAM/20230712-01B/Tobii Recording/rendered.mp4",51,sub89
"/run/user/1000/gvfs/smb-share:server=192.168.1.155,share=vmimdata/Aicatsan Backup March2023/Y/PSAM/20230712-01A/Tobii Recording/rendered.mp4",50,sub89
"/run/user/1000/gvfs/smb-share:server=192.168.1.155,share=vmimdata/Aicatsan Backup March2023/Y/PSAM/20230811-01B/Tobii Recording/rendered.mp4",59,sub93
"/run/user/1000/gvfs/smb-share:server=192.168.1.155,share=vmimdata/Aicatsan Backup March2023/Y/PSAM/20230811-02A/Tobii Recording/rendered.mp4",60,sub94
"/run/user/1000/gvfs/smb-share:server=192.168.1.155,share=vmimdata/Aicatsan Backup March2023/Y/PSAM/20230811-02B/Tobii Recording/rendered.mp4",61,sub94
"/run/user/1000/gvfs/smb-share:server=192.168.1.155,share=vmimdata/Aicatsan Backup March2023/Y/PSAM/20230822-01A/Tobii Recording/rendered.mp4",62,sub95
"/run/user/1000/gvfs/smb-share:server=192.168.1.155,share=vmimdata/Aicatsan Backup March2023/Y/PSAM/20230822-01B/Tobii Recording/rendered.mp4",63,sub95
"/run/user/1000/gvfs/smb-share:server=192.168.1.155,share=vmimdata/Aicatsan Backup March2023/Y/PSAM/20230822-02A/Tobii Recording/rendered.mp4",64,sub96
"/run/user/1000/gvfs/smb-share:server=192.168.1.155,share=vmimdata/Aicatsan Backup March2023/Y/PSAM/20230822-02B/Tobii Recording/rendered.mp4",65,sub96
"/run/user/1000/gvfs/smb-share:server=192.168.1.155,share=vmimdata/Aicatsan Backup March2023/Y/PSAM/20230825-01A/Tobii Recording/rendered.mp4",66,sub97
"/run/user/1000/gvfs/smb-share:server=192.168.1.155,share=vmimdata/Aicatsan Backup March2023/Y/PSAM/20230825-01B/Tobii Recording/rendered.mp4",67,sub97
"/run/user/1000/gvfs/smb-share:server=192.168.1.155,share=vmimdata/Aicatsan Backup March2023/Y/PSAM/20230825-02A/Tobii Recording/rendered.mp4",68,sub98
"/run/user/1000/gvfs/smb-share:server=192.168.1.155,share=vmimdata/Aicatsan Backup March2023/Y/PSAM/20230825-02B/Tobii Recording/rendered.mp4",69,sub98
"/run/user/1000/gvfs/smb-share:server=192.168.1.155,share=vmimdata/Aicatsan Backup March2023/Y/PSAM/20230911-01A/Tobii Recording/rendered.mp4",72,sub99
"/run/user/1000/gvfs/smb-share:server=192.168.1.155,share=vmimdata/Aicatsan Backup March2023/Y/PSAM/20230911-01B/Tobii Recording/rendered1.mp4",73,sub99
"/run/user/1000/gvfs/smb-share:server=192.168.1.155,share=vmimdata/Aicatsan Backup March2023/Y/PSAM/20230911-02A/Tobii Recording/rendered.mp4",74,sub100
"/run/user/1000/gvfs/smb-share:server=192.168.1.155,share=vmimdata/Aicatsan Backup March2023/Y/PSAM/20230911-02B/Tobii Recording/rendered.mp4",75,sub100
"/run/user/1000/gvfs/smb-share:server=192.168.1.155,share=vmimdata/Aicatsan Backup March2023/Y/PSAM/20230726-02B/Tobii Recording/rendered.mp4",57,sub92
"/run/user/1000/gvfs/smb-share:server=192.168.1.155,share=vmimdata/Aicatsan Backup March2023/Y/PSAM/20230811-01A/Tobii Recording/rendered.mp4",58,sub93
"/run/user/1000/gvfs/smb-share:server=192.168.1.155,share=vmimdata/Aicatsan Backup March2023/Y/PSAM/20231027-02B/Tobii Recording/rendered.mp4",93,sub109
"/run/user/1000/gvfs/smb-share:server=192.168.1.155,share=vmimdata/Aicatsan Backup March2023/Y/PSAM/20230919-01A/Tobii Recording/rendered.mp4",76,sub101
"/run/user/1000/gvfs/smb-share:server=192.168.1.155,share=vmimdata/Aicatsan Backup March2023/Y/PSAM/20230919-01B/Tobii Recording/rendered.mp4",77,sub101
"/run/user/1000/gvfs/smb-share:server=192.168.1.155,share=vmimdata/Aicatsan Backup March2023/Y/PSAM/20230919-02A/Tobii Recording/rendered.mp4",78,sub102
"/run/user/1000/gvfs/smb-share:server=192.168.1.155,share=vmimdata/Aicatsan Backup March2023/Y/PSAM/20230919-02B/Tobii Recording/rendered.mp4",79,sub102
"/run/user/1000/gvfs/smb-share:server=192.168.1.155,share=vmimdata/Aicatsan Backup March2023/Y/PSAM/20230929-01A/Tobii Recording/rendered.mp4",80,sub103
"/run/user/1000/gvfs/smb-share:server=192.168.1.155,share=vmimdata/Aicatsan Backup March2023/Y/PSAM/20230929-01B/Tobii Recording/rendered.mp4",81,sub103
"/run/user/1000/gvfs/smb-share:server=192.168.1.155,share=vmimdata/Aicatsan Backup March2023/Y/PSAM/20230929-02A/Tobii Recording/rendered.mp4",82,sub104
"/run/user/1000/gvfs/smb-share:server=192.168.1.155,share=vmimdata/Aicatsan Backup March2023/Y/PSAM/20230929-02B/Tobii Recording/rendered.mp4",83,sub104
"/run/user/1000/gvfs/smb-share:server=192.168.1.155,share=vmimdata/Aicatsan Backup March2023/Y/PSAM/20231005-01A/Tobii Recording/rendered.mp4",84,sub105
"/run/user/1000/gvfs/smb-share:server=192.168.1.155,share=vmimdata/Aicatsan Backup March2023/Y/PSAM/20231005-01B/Tobii Recording/rendered.mp4",85,sub105
"/run/user/1000/gvfs/smb-share:server=192.168.1.155,share=vmimdata/Aicatsan Backup March2023/Y/PSAM/20231005-02A/Tobii Recording/rendered.mp4",86,sub106
"/run/user/1000/gvfs/smb-share:server=192.168.1.155,share=vmimdata/Aicatsan Backup March2023/Y/PSAM/20231005-02B/Tobii Recording/rendered.mp4",87,sub106
"/run/user/1000/gvfs/smb-share:server=192.168.1.155,share=vmimdata/Aicatsan Backup March2023/Y/PSAM/20231017-01A/Tobii Recording/rendered.mp4",88,sub107
"/run/user/1000/gvfs/smb-share:server=192.168.1.155,share=vmimdata/Aicatsan Backup March2023/Y/PSAM/20231017-01B/Tobii Recording/rendered.mp4",89,sub107
"/run/user/1000/gvfs/smb-share:server=192.168.1.155,share=vmimdata/Aicatsan Backup March2023/Y/PSAM/20231017-02A/Tobii Recording/rendered.mp4",90,sub108
"/run/user/1000/gvfs/smb-share:server=192.168.1.155,share=vmimdata/Aicatsan Backup March2023/Y/PSAM/20231017-02B/Tobii Recording/rendered.mp4",91,sub108
"/run/user/1000/gvfs/smb-share:server=192.168.1.155,share=vmimdata/Aicatsan Backup March2023/Y/PSAM/20231027-01A/Tobii Recording/rendered.mp4",92,sub109
"/run/user/1000/gvfs/smb-share:server=192.168.1.155,share=vmimdata/Aicatsan Backup March2023/Y/PSAM/20231027-01B/Tobii Recording/rendered.mp4",93,sub109
"/run/user/1000/gvfs/smb-share:server=192.168.1.155,share=vmimdata/Aicatsan Backup March2023/Y/PSAM/20231027-02A/Tobii Recording/rendered.mp4",95,sub111
"/run/user/1000/gvfs/smb-share:server=192.168.1.155,share=vmimdata/Aicatsan Backup March2023/Y/PSAM/20231110-02B/Tobii Recording/rendered.mp4",102,sub114
"/run/user/1000/gvfs/smb-share:server=192.168.1.155,share=vmimdata/Aicatsan Backup March2023/Y/PSAM/20231115-02B/Tobii Recording/rendered.mp4",106,sub116
"/run/user/1000/gvfs/smb-share:server=192.168.1.155,share=vmimdata/Aicatsan Backup March2023/Y/PSAM/20231103-01A/Tobii Recording/rendered.mp4",97,sub112
"/run/user/1000/gvfs/smb-share:server=192.168.1.155,share=vmimdata/Aicatsan Backup March2023/Y/PSAM/20231103-01B/Tobii Recording/rendered.mp4",96,sub111
"/run/user/1000/gvfs/smb-share:server=192.168.1.155,share=vmimdata/Aicatsan Backup March2023/Y/PSAM/20231103-02A/Tobii Recording/rendered.mp4",97,sub112
"/run/user/1000/gvfs/smb-share:server=192.168.1.155,share=vmimdata/Aicatsan Backup March2023/Y/PSAM/20231103-02B/Tobii Recording/rendered.mp4",98,sub112
"/run/user/1000/gvfs/smb-share:server=192.168.1.155,share=vmimdata/Aicatsan Backup March2023/Y/PSAM/20231110-01A/Tobii Recording/rendered.mp4",99,sub113
"/run/user/1000/gvfs/smb-share:server=192.168.1.155,share=vmimdata/Aicatsan Backup March2023/Y/PSAM/20231110-01B/Tobii Recording/rendered.mp4",100,sub113
"/run/user/1000/gvfs/smb-share:server=192.168.1.155,share=vmimdata/Aicatsan Backup March2023/Y/PSAM/20231110-02A/Tobii Recording/rendered.mp4",101,sub114
"/run/user/1000/gvfs/smb-share:server=192.168.1.155,share=vmimdata/Aicatsan Backup March2023/Y/PSAM/20231115-01A/Tobii Recording/rendered.mp4",103,sub115
"/run/user/1000/gvfs/smb-share:server=192.168.1.155,share=vmimdata/Aicatsan Backup March2023/Y/PSAM/20231115-01B/Tobii Recording/rendered.mp4",104,sub115
"/run/user/1000/gvfs/smb-share:server=192.168.1.155,share=vmimdata/Aicatsan Backup March2023/Y/PSAM/20231115-02A/Tobii Recording/rendered.mp4",105,sub116
"/run/user/1000/gvfs/smb-share:server=192.168.1.155,share=vmimdata/Aicatsan Backup March2023/Y/PSAM/20231208-01A/Tobii Recording/rendered.mp4",107,sub117
"/run/user/1000/gvfs/smb-share:server=192.168.1.155,share=vmimdata/Aicatsan Backup March2023/Y/PSAM/20231215-02B/Tobii Recording/scenevideo.mp4",114,sub120
"/run/user/1000/gvfs/smb-share:server=192.168.1.155,share=vmimdata/Aicatsan Backup March2023/Y/PSAM/20231215-02A/Tobii Recording/scenevideo.mp4",113,sub120
"/run/user/1000/gvfs/smb-share:server=192.168.1.155,share=vmimdata/Aicatsan Backup March2023/Y/PSAM/20231215-01B/Tobii Recording/scenevideo.mp4",112,sub119
"/run/user/1000/gvfs/smb-share:server=192.168.1.155,share=vmimdata/Aicatsan Backup March2023/Y/PSAM/20231215-01A/Tobii Recording/scenevideo.mp4",111,sub119
"/run/user/1000/gvfs/smb-share:server=192.168.1.155,share=vmimdata/Aicatsan Backup March2023/Y/PSAM/20231208-02B/Tobii Recording/rendered.mp4",110,sub118
"/run/user/1000/gvfs/smb-share:server=192.168.1.155,share=vmimdata/Aicatsan Backup March2023/Y/PSAM/20231208-02A/Tobii Recording/rendered.mp4",109,sub118
"/run/user/1000/gvfs/smb-share:server=192.168.1.155,share=vmimdata/Aicatsan Backup March2023/Y/PSAM/20231208-01B/Tobii Recording/rendered.mp4",108,sub117
"/run/user/1000/gvfs/smb-share:server=192.168.1.155,share=vmimdata/Aicatsan Backup March2023/Y/PSAM/20231220-02B/Tobii Recording/scenevideo.mp4",118,sub122
"/run/user/1000/gvfs/smb-share:server=192.168.1.155,share=vmimdata/Aicatsan Backup March2023/Y/PSAM/20231220-01A/Tobii Recording/scenevideo.mp4",115,sub121
"/run/user/1000/gvfs/smb-share:server=192.168.1.155,share=vmimdata/Aicatsan Backup March2023/Y/PSAM/20231220-02A/Tobii Recording/scenevideo.mp4",117,sub122
"/run/user/1000/gvfs/smb-share:server=192.168.1.155,share=vmimdata/Aicatsan Backup March2023/Y/PSAM/20231220-01B/Tobii Recording/scenevideo.mp4",116,sub121
"/run/user/1000/gvfs/smb-share:server=192.168.1.155,share=vmimdata/Aicatsan Backup March2023/Y/PSAM/20240105-01A/Tobii Recording/scenevideo.mp4",119,sub123
"/run/user/1000/gvfs/smb-share:server=192.168.1.155,share=vmimdata/Aicatsan Backup March2023/Y/PSAM/20240105-02B/Tobii Recording/scenevideo.mp4",122,sub124
"/run/user/1000/gvfs/smb-share:server=192.168.1.155,share=vmimdata/Aicatsan Backup March2023/Y/PSAM/20240105-01B/Tobii Recording/scenevideo.mp4",120,sub123
"/run/user/1000/gvfs/smb-share:server=192.168.1.155,share=vmimdata/Aicatsan Backup March2023/Y/PSAM/20240105-02A/Tobii Recording/scenevideo.mp4",121,sub124
"/run/user/1000/gvfs/smb-share:server=192.168.1.155,share=vmimdata/Aicatsan Backup March2023/Y/PSAM/20240112-02A/Tobii Recording/scenevideo.mp4",125,sub126
"/run/user/1000/gvfs/smb-share:server=192.168.1.155,share=vmimdata/Aicatsan Backup March2023/Y/PSAM/20240112-02B/Tobii Recording/scenevideo.mp4",126,sub126
"/run/user/1000/gvfs/smb-share:server=192.168.1.155,share=vmimdata/Aicatsan Backup March2023/Y/PSAM/20240112-01A/Tobii Recording/scenevideo.mp4",123,sub125
"/run/user/1000/gvfs/smb-share:server=192.168.1.155,share=vmimdata/Aicatsan Backup March2023/Y/PSAM/20240112-01B/Tobii Recording/scenevideo.mp4",124,sub125
"/run/user/1000/gvfs/smb-share:server=192.168.1.155,share=vmimdata/Aicatsan Backup March2023/Y/PSAM/20240119-01A/Tobii Recording/scenevideo.mp4",127,sub127
"/run/user/1000/gvfs/smb-share:server=192.168.1.155,share=vmimdata/Aicatsan Backup March2023/Y/PSAM/20240119-02B/Tobii Recording/scenevideo.mp4",130,sub128
"/run/user/1000/gvfs/smb-share:server=192.168.1.155,share=vmimdata/Aicatsan Backup March2023/Y/PSAM/20240119-01B/Tobii Recording/scenevideo.mp4",128,sub127
"/run/user/1000/gvfs/smb-share:server=192.168.1.155,share=vmimdata/Aicatsan Backup March2023/Y/PSAM/20240119-02A/Tobii Recording/scenevideo.mp4",129,sub128
"/run/user/1000/gvfs/smb-share:server=192.168.1.155,share=vmimdata/Aicatsan Backup March2023/Y/PSAM/20240205-01A/Tobii Recording/rendered.mp4",131,sub129
"/run/user/1000/gvfs/smb-share:server=192.168.1.155,share=vmimdata/Aicatsan Backup March2023/Y/PSAM/20240205-02B/Tobii Recording/rendered.mp4",134,sub130
"/run/user/1000/gvfs/smb-share:server=192.168.1.155,share=vmimdata/Aicatsan Backup March2023/Y/PSAM/20240205-01B/Tobii Recording/rendered.mp4",132,sub129
"/run/user/1000/gvfs/smb-share:server=192.168.1.155,share=vmimdata/Aicatsan Backup March2023/Y/PSAM/20240205-02A/Tobii Recording/rendered.mp4",133,sub130
"/run/user/1000/gvfs/smb-share:server=192.168.1.155,share=vmimdata/Aicatsan Backup March2023/Y/PSAM/20240216-01A/Tobii Recording/rendered.mp4",135,sub131
"/run/user/1000/gvfs/smb-share:server=192.168.1.155,share=vmimdata/Aicatsan Backup March2023/Y/PSAM/20240216-02B/Tobii Recording/scenevideo.mp4",138,sub132
"/run/user/1000/gvfs/smb-share:server=192.168.1.155,share=vmimdata/Aicatsan Backup March2023/Y/PSAM/20240216-01B/Tobii Recording/scenevideo.mp4",136,sub131
"/run/user/1000/gvfs/smb-share:server=192.168.1.155,share=vmimdata/Aicatsan Backup March2023/Y/PSAM/20240216-02A/Tobii Recording/scenevideo.mp4",137,sub132
"/run/user/1000/gvfs/smb-share:server=192.168.1.155,share=vmimdata/Aicatsan Backup March2023/Y/PSAM/20240223-02B/Tobii Recording/rendered.mp4",142,sub134
"/run/user/1000/gvfs/smb-share:server=192.168.1.155,share=vmimdata/Aicatsan Backup March2023/Y/PSAM/20240223-01A/Tobii Recording/rendered.mp4",139,sub133
"/run/user/1000/gvfs/smb-share:server=192.168.1.155,share=vmimdata/Aicatsan Backup March2023/Y/PSAM/20240223-01B/Tobii Recording/rendered.mp4",140,sub133
"/run/user/1000/gvfs/smb-share:server=192.168.1.155,share=vmimdata/Aicatsan Backup March2023/Y/PSAM/20240223-02A/Tobii Recording/rendered.mp4",141,sub134
"/run/user/1000/gvfs/smb-share:server=192.168.1.155,share=vmimdata/Aicatsan Backup March2023/Y/PSAM/20240308-01A/Tobii Recording/rendered.mp4",143,sub135
"/run/user/1000/gvfs/smb-share:server=192.168.1.155,share=vmimdata/Aicatsan Backup March2023/Y/PSAM/20240308-01B/Tobii Recording/rendered.mp4",144,sub135
"/run/user/1000/gvfs/smb-share:server=192.168.1.155,share=vmimdata/Aicatsan Backup March2023/Y/PSAM/20240308-02A/Tobii Recording/rendered.mp4",145,sub136
"/run/user/1000/gvfs/smb-share:server=192.168.1.155,share=vmimdata/Aicatsan Backup March2023/Y/PSAM/20240308-02B/Tobii Recording/rendered.mp4",146,sub136
"/run/user/1000/gvfs/smb-share:server=192.168.1.155,share=vmimdata/Aicatsan Backup March2023/Y/PSAM/20240315-01A/Tobii Recording/rendered.mp4",147,sub137
"/run/user/1000/gvfs/smb-share:server=192.168.1.155,share=vmimdata/Aicatsan Backup March2023/Y/PSAM/20240315-01B/Tobii Recording/rendered.mp4",148,sub137
"/run/user/1000/gvfs/smb-share:server=192.168.1.155,share=vmimdata/Aicatsan Backup March2023/Y/PSAM/20240315-02A/Tobii Recording/scenevideo.mp4",149,sub138
"/run/user/1000/gvfs/smb-share:server=192.168.1.155,share=vmimdata/Aicatsan Backup March2023/Y/PSAM/20240315-02B/Tobii Recording/scenevideo.mp4",150,sub138
"/run/user/1000/gvfs/smb-share:server=192.168.1.155,share=vmimdata/Aicatsan Backup March2023/Y/PSAM/20240322-01A/Tobii Recording/rendered.mp4",151,sub139
"/run/user/1000/gvfs/smb-share:server=192.168.1.155,share=vmimdata/Aicatsan Backup March2023/Y/PSAM/20240322-02B/Tobii Recording/rendered.mp4",154,sub140
"/run/user/1000/gvfs/smb-share:server=192.168.1.155,share=vmimdata/Aicatsan Backup March2023/Y/PSAM/20240322-01B/Tobii Recording/rendered.mp4",152,sub139
"/run/user/1000/gvfs/smb-share:server=192.168.1.155,share=vmimdata/Aicatsan Backup March2023/Y/PSAM/20240322-02A/Tobii Recording/rendered.mp4",153,sub140
"/run/user/1000/gvfs/smb-share:server=192.168.1.155,share=vmimdata/Aicatsan Backup March2023/Y/PSAM/20240405-01A/Tobii Recording/rendered.mp4",155,sub141
"/run/user/1000/gvfs/smb-share:server=192.168.1.155,share=vmimdata/Aicatsan Backup March2023/Y/PSAM/20240405-02B/Tobii Recording/rendered.mp4",158,sub142
"/run/user/1000/gvfs/smb-share:server=192.168.1.155,share=vmimdata/Aicatsan Backup March2023/Y/PSAM/20240405-01B/Tobii Recording/rendered.mp4",156,sub141
"/run/user/1000/gvfs/smb-share:server=192.168.1.155,share=vmimdata/Aicatsan Backup March2023/Y/PSAM/20240405-02A/Tobii Recording/rendered.mp4",157,sub142
"/run/user/1000/gvfs/smb-share:server=192.168.1.155,share=vmimdata/Aicatsan Backup March2023/Y/PSAM/20240412-01A/Tobii Recording/rendered.mp4",159,sub143
"/run/user/1000/gvfs/smb-share:server=192.168.1.155,share=vmimdata/Aicatsan Backup March2023/Y/PSAM/20240412-02A/Tobii Recording/rendered.mp4",161,sub144
"/run/user/1000/gvfs/smb-share:server=192.168.1.155,share=vmimdata/Aicatsan Backup March2023/Y/PSAM/20240412-01B/Tobii Recording/rendered.mp4",160,sub143
"/run/user/1000/gvfs/smb-share:server=192.168.1.155,share=vmimdata/Aicatsan Backup March2023/Y/PSAM/20240412-02B/Tobii Recording/rendered-split.mp4",162,sub144
"/run/user/1000/gvfs/smb-share:server=192.168.1.155,share=vmimdata/Aicatsan Backup March2023/Y/PSAM/20240423-01A/Tobii Recording/rendered.mp4",163,sub145
"/run/user/1000/gvfs/smb-share:server=192.168.1.155,share=vmimdata/Aicatsan Backup March2023/Y/PSAM/20240423-02A/Tobii Recording/rendered.mp4",165,sub146
"/run/user/1000/gvfs/smb-share:server=192.168.1.155,share=vmimdata/Aicatsan Backup March2023/Y/PSAM/20240423-01B/Tobii Recording/rendered.mp4",164,sub145
"/run/user/1000/gvfs/smb-share:server=192.168.1.155,share=vmimdata/Aicatsan Backup March2023/Y/PSAM/20240423-02B/Tobii Recording/rendered.mp4",166,sub146
"/run/user/1000/gvfs/smb-share:server=192.168.1.155,share=vmimdata/Aicatsan Backup March2023/Y/PSAM/20240503-01A/Tobii Recording/scenevideo.mp4",167,sub147
"/run/user/1000/gvfs/smb-share:server=192.168.1.155,share=vmimdata/Aicatsan Backup March2023/Y/PSAM/20240503-01B/Tobii Recording/scenevideo.mp4",168,sub147
"/run/user/1000/gvfs/smb-share:server=192.168.1.155,share=vmimdata/Aicatsan Backup March2023/Y/PSAM/20240503-02A/Tobii Recording/scenevideo.mp4",169,sub148
"/run/user/1000/gvfs/smb-share:server=192.168.1.155,share=vmimdata/Aicatsan Backup March2023/Y/PSAM/20240503-02B/Tobii Recording/scenevideo.mp4",170,sub148
